{
    "loss": 1.1920877695083618,
    "accuracy": 0.8999999761581421
}